"0","hh_pam_results
"
"1","Medoids:
"
"1","    "
"1","  ID"
"1"," region_code"
"1"," district_code"
"1"," paa_code"
"1"," ward_code"
"1"," village_code"
"1"," hhlist_code"
"1"," household_id"
"1","
[1,]"
"1","  73"
"1","          14"
"1","           143"
"1","    14331"
"1","  14331181"
"1","   1433118104"
"1","           7"
"1","      2140250"
"1","
[2,]"
"1"," 116"
"1","           9"
"1","            91"
"1","     9101"
"1","   9101191"
"1","    910119106"
"1","           1"
"1","      1090430"
"1","
"
"1","    "
"1"," hh_residency"
"1"," reason_absence_dummy1"
"1"," reason_absence_dummy2"
"1"," reason_absence_dummy3"
"1","
[1,]"
"1","            1"
"1","                     0"
"1","                     0"
"1","                     0"
"1","
[2,]"
"1","            1"
"1","                     0"
"1","                     0"
"1","                     0"
"1","
"
"1","    "
"1"," reason_absence_dummy4"
"1"," reason_absence_dummy5"
"1"," HDDS"
"1"," FCS"
"1"," FCS_poor"
"1"," FCS_borderline"
"1","
[1,]"
"1","                     0"
"1","                     0"
"1","    3"
"1","  21"
"1","        1"
"1","              0"
"1","
[2,]"
"1","                     0"
"1","                     0"
"1","    4"
"1","  15"
"1","        1"
"1","              0"
"1","
"
"1","    "
"1"," FCS_poor_borderline"
"1"," FCS_acceptable"
"1"," dummy_livestock_prodvalue_wspil3"
"1","
[1,]"
"1","                   1"
"1","              0"
"1","                                0"
"1","
[2,]"
"1","                   1"
"1","              0"
"1","                                0"
"1","
"
"1","    "
"1"," dummy_livestock_prodvalue_wspil2"
"1"," dummy_livestock_prodvalue_wtargt"
"1","
[1,]"
"1","                                0"
"1","                                0"
"1","
[2,]"
"1","                                0"
"1","                                0"
"1","
"
"1","    "
"1"," dummy_livestock_prodvalue_wdescr"
"1"," CESD_score"
"1"," empw_dmcook_never"
"1"," empw_dmcook_sometimes"
"1","
[1,]"
"1","                                0"
"1","         12"
"1","                 0"
"1","                     0"
"1","
[2,]"
"1","                                0"
"1","         15"
"1","                 1"
"1","                     0"
"1","
"
"1","    "
"1"," empw_dmcook_always"
"1"," empw_dmcook_primarydec"
"1"," empw_dmgroc_never"
"1"," empw_dmgroc_sometimes"
"1","
[1,]"
"1","                  1"
"1","                      0"
"1","                 1"
"1","                     0"
"1","
[2,]"
"1","                  0"
"1","                      0"
"1","                 1"
"1","                     0"
"1","
"
"1","    "
"1"," empw_dmgroc_always"
"1"," empw_dmgroc_primarydec"
"1"," empw_dmsitm_never"
"1"," empw_dmsitm_sometimes"
"1","
[1,]"
"1","                  0"
"1","                      0"
"1","                 1"
"1","                     0"
"1","
[2,]"
"1","                  0"
"1","                      0"
"1","                 1"
"1","                     0"
"1","
"
"1","    "
"1"," empw_dmsitm_always"
"1"," empw_dmsitm_primarydec"
"1"," empw_dmhm_never"
"1"," empw_dmhm_sometimes"
"1","
[1,]"
"1","                  0"
"1","                      0"
"1","               1"
"1","                   0"
"1","
[2,]"
"1","                  0"
"1","                      0"
"1","               1"
"1","                   0"
"1","
"
"1","    "
"1"," empw_dmhm_always"
"1"," empw_dmhm_primarydec"
"1"," empw_dmland_never"
"1"," empw_dmland_sometimes"
"1","
[1,]"
"1","                0"
"1","                    0"
"1","                 1"
"1","                     0"
"1","
[2,]"
"1","                0"
"1","                    0"
"1","                 1"
"1","                     0"
"1","
"
"1","    "
"1"," empw_dmland_always"
"1"," empw_dmland_primarydec"
"1"," empw_dmhhfc_never"
"1"," empw_dmhhfc_sometimes"
"1","
[1,]"
"1","                  0"
"1","                      0"
"1","                 1"
"1","                     0"
"1","
[2,]"
"1","                  0"
"1","                      0"
"1","                 1"
"1","                     0"
"1","
"
"1","    "
"1"," empw_dmhhfc_always"
"1"," empw_dmhhfc_primarydec"
"1"," empw_dmexp_never"
"1"," empw_dmexp_sometimes"
"1","
[1,]"
"1","                  0"
"1","                      0"
"1","                1"
"1","                    0"
"1","
[2,]"
"1","                  0"
"1","                      0"
"1","                1"
"1","                    0"
"1","
"
"1","    "
"1"," empw_dmexp_always"
"1"," empw_dmexp_primarydec"
"1"," empw_dmcloth_never"
"1"," empw_dmcloth_sometimes"
"1","
[1,]"
"1","                 0"
"1","                     0"
"1","                  1"
"1","                      0"
"1","
[2,]"
"1","                 0"
"1","                     0"
"1","                  1"
"1","                      0"
"1","
"
"1","    "
"1"," empw_dmcloth_always"
"1"," empw_dmcloth_primarydec"
"1"," empw_dmsschl_never"
"1"," empw_dmsschl_sometimes"
"1","
[1,]"
"1","                   0"
"1","                       0"
"1","                  1"
"1","                      0"
"1","
[2,]"
"1","                   0"
"1","                       0"
"1","                  1"
"1","                      0"
"1","
"
"1","    "
"1"," empw_dmsschl_always"
"1"," empw_dmsschl_primarydec"
"1"," empw_dmdschl_never"
"1"," empw_dmdschl_sometimes"
"1","
[1,]"
"1","                   0"
"1","                       0"
"1","                  1"
"1","                      0"
"1","
[2,]"
"1","                   0"
"1","                       0"
"1","                  1"
"1","                      0"
"1","
"
"1","    "
"1"," empw_dmdschl_always"
"1"," empw_dmdschl_primarydec"
"1"," empw_dmdoc_never"
"1"," empw_dmdoc_sometimes"
"1","
[1,]"
"1","                   0"
"1","                       0"
"1","                1"
"1","                    0"
"1","
[2,]"
"1","                   0"
"1","                       0"
"1","                1"
"1","                    0"
"1","
"
"1","    "
"1"," empw_dmdoc_always"
"1"," empw_dmdoc_primarydec"
"1"," empw_dmsmar_never"
"1"," empw_dmsmar_sometimes"
"1","
[1,]"
"1","                 0"
"1","                     0"
"1","                 1"
"1","                     0"
"1","
[2,]"
"1","                 0"
"1","                     0"
"1","                 1"
"1","                     0"
"1","
"
"1","    "
"1"," empw_dmsmar_always"
"1"," empw_dmsmar_primarydec"
"1"," empw_dmdmar_never"
"1"," empw_dmdmar_sometimes"
"1","
[1,]"
"1","                  0"
"1","                      0"
"1","                 1"
"1","                     0"
"1","
[2,]"
"1","                  0"
"1","                      0"
"1","                 1"
"1","                     0"
"1","
"
"1","    "
"1"," empw_dmdmar_always"
"1"," empw_dmdmar_primarydec"
"1"," empw_dmchild_never"
"1"," empw_dmchild_sometimes"
"1","
[1,]"
"1","                  0"
"1","                      0"
"1","                  1"
"1","                      0"
"1","
[2,]"
"1","                  0"
"1","                      0"
"1","                  1"
"1","                      0"
"1","
"
"1","    "
"1"," empw_dmchild_always"
"1"," empw_dmchild_primarydec"
"1"," empw_dmloan_never"
"1"," empw_dmloan_sometimes"
"1","
[1,]"
"1","                   0"
"1","                       0"
"1","                 1"
"1","                     0"
"1","
[2,]"
"1","                   0"
"1","                       0"
"1","                 1"
"1","                     0"
"1","
"
"1","    "
"1"," empw_dmloan_always"
"1"," empw_dmloan_primarydec"
"1"," empw_dmprsu_never"
"1"," empw_dmprsu_sometimes"
"1","
[1,]"
"1","                  0"
"1","                      0"
"1","                 1"
"1","                     0"
"1","
[2,]"
"1","                  0"
"1","                      0"
"1","                 1"
"1","                     0"
"1","
"
"1","    "
"1"," empw_dmprsu_always"
"1"," empw_dmprsu_primarydec"
"1"," empw_dmnbus_never"
"1"," empw_dmnbus_sometimes"
"1","
[1,]"
"1","                  0"
"1","                      0"
"1","                 1"
"1","                     0"
"1","
[2,]"
"1","                  0"
"1","                      0"
"1","                 1"
"1","                     0"
"1","
"
"1","    "
"1"," empw_dmnbus_always"
"1"," empw_dmnbus_primarydec"
"1"," count_decision_primarydec"
"1"," count_decision_always"
"1","
[1,]"
"1","                  0"
"1","                      0"
"1","                         0"
"1","                     1"
"1","
[2,]"
"1","                  0"
"1","                      0"
"1","                         0"
"1","                     0"
"1","
"
"1","    "
"1"," count_decision_sometimes"
"1"," count_decision_never"
"1"," work_activity"
"1"," cons_engaging_none"
"1","
[1,]"
"1","                        0"
"1","                   16"
"1","             1"
"1","                  0"
"1","
[2,]"
"1","                        0"
"1","                   17"
"1","             1"
"1","                  0"
"1","
"
"1","    "
"1"," formdef_version"
"1"," section_cover"
"1"," ipv_origin"
"1"," epayment_group"
"1"," level1_group"
"1"," strata"
"1"," treatment"
"1","
[1,]"
"1","      4005140923"
"1","             1"
"1","          1"
"1","              3"
"1","            1"
"1","     12"
"1","         3"
"1","
[2,]"
"1","      4005082222"
"1","             1"
"1","          1"
"1","              4"
"1","            1"
"1","      8"
"1","         2"
"1","
"
"1","    "
"1"," treated_dummy"
"1"," type_group"
"1"," type1"
"1"," type2"
"1"," type3"
"1"," analysis_group"
"1"," replacement"
"1"," comm_selected"
"1","
[1,]"
"1","             1"
"1","          1"
"1","     1"
"1","     0"
"1","     0"
"1","              1"
"1","           0"
"1","             1"
"1","
[2,]"
"1","             1"
"1","          1"
"1","     1"
"1","     0"
"1","     0"
"1","              2"
"1","           0"
"1","             1"
"1","
"
"1","    "
"1"," winsorization_descriptive"
"1"," winsorization_targeting"
"1"," winsorization_spillover2"
"1","
[1,]"
"1","                         1"
"1","                       0"
"1","                        0"
"1","
[2,]"
"1","                         0"
"1","                       1"
"1","                        0"
"1","
"
"1","    "
"1"," winsorization_spillover2and3"
"1"," perc_decision_never"
"1"," perc_decision_sometimes"
"1","
[1,]"
"1","                            0"
"1","           0.9411765"
"1","              0.00000000"
"1","
[2,]"
"1","                            0"
"1","           1.0000000"
"1","              0.00000000"
"1","
"
"1","    "
"1"," perc_decision_always"
"1"," perc_decision_primarydec"
"1"," partic_decision_empw_dmcook"
"1","
[1,]"
"1","           0.05882353"
"1","                0.0000000"
"1","                           1"
"1","
[2,]"
"1","           0.00000000"
"1","                0.0000000"
"1","                           0"
"1","
"
"1","    "
"1"," prim_decision_empw_dmcook"
"1"," partic_decision_empw_dmgroc"
"1"," prim_decision_empw_dmgroc"
"1","
[1,]"
"1","                         0"
"1","                           0"
"1","                         0"
"1","
[2,]"
"1","                         0"
"1","                           0"
"1","                         0"
"1","
"
"1","    "
"1"," partic_decision_empw_dmsitm"
"1"," prim_decision_empw_dmsitm"
"1"," partic_decision_empw_dmhm"
"1","
[1,]"
"1","                           0"
"1","                         0"
"1","                         0"
"1","
[2,]"
"1","                           0"
"1","                         0"
"1","                         0"
"1","
"
"1","    "
"1"," prim_decision_empw_dmhm"
"1"," partic_decision_empw_dmland"
"1"," prim_decision_empw_dmland"
"1","
[1,]"
"1","                       0"
"1","                           0"
"1","                         0"
"1","
[2,]"
"1","                       0"
"1","                           0"
"1","                         0"
"1","
"
"1","    "
"1"," partic_decision_empw_dmhhfc"
"1"," prim_decision_empw_dmhhfc"
"1"," partic_decision_empw_dmexp"
"1","
[1,]"
"1","                           0"
"1","                         0"
"1","                          0"
"1","
[2,]"
"1","                           0"
"1","                         0"
"1","                          0"
"1","
"
"1","    "
"1"," prim_decision_empw_dmexp"
"1"," partic_decision_empw_dmcloth"
"1"," prim_decision_empw_dmcloth"
"1","
[1,]"
"1","                        0"
"1","                            0"
"1","                          0"
"1","
[2,]"
"1","                        0"
"1","                            0"
"1","                          0"
"1","
"
"1","    "
"1"," partic_decision_empw_dmsschl"
"1"," prim_decision_empw_dmsschl"
"1"," partic_decision_empw_dmdschl"
"1","
[1,]"
"1","                            0"
"1","                          0"
"1","                            0"
"1","
[2,]"
"1","                            0"
"1","                          0"
"1","                            0"
"1","
"
"1","    "
"1"," prim_decision_empw_dmdschl"
"1"," partic_decision_empw_dmdoc"
"1"," prim_decision_empw_dmdoc"
"1","
[1,]"
"1","                          0"
"1","                          0"
"1","                        0"
"1","
[2,]"
"1","                          0"
"1","                          0"
"1","                        0"
"1","
"
"1","    "
"1"," partic_decision_empw_dmsmar"
"1"," prim_decision_empw_dmsmar"
"1"," partic_decision_empw_dmdmar"
"1","
[1,]"
"1","                           0"
"1","                         0"
"1","                           0"
"1","
[2,]"
"1","                           0"
"1","                         0"
"1","                           0"
"1","
"
"1","    "
"1"," prim_decision_empw_dmdmar"
"1"," partic_decision_empw_dmchild"
"1"," prim_decision_empw_dmchild"
"1","
[1,]"
"1","                         0"
"1","                            0"
"1","                          0"
"1","
[2,]"
"1","                         0"
"1","                            0"
"1","                          0"
"1","
"
"1","    "
"1"," partic_decision_empw_dmloan"
"1"," prim_decision_empw_dmloan"
"1"," partic_decision_empw_dmprsu"
"1","
[1,]"
"1","                           0"
"1","                         0"
"1","                           0"
"1","
[2,]"
"1","                           0"
"1","                         0"
"1","                           0"
"1","
"
"1","    "
"1"," prim_decision_empw_dmprsu"
"1"," partic_decision_empw_dmnbus"
"1"," prim_decision_empw_dmnbus"
"1","
[1,]"
"1","                         0"
"1","                           0"
"1","                         0"
"1","
[2,]"
"1","                         0"
"1","                           0"
"1","                         0"
"1","
"
"1","    "
"1"," partic_decision_empw_oplst"
"1"," prim_decision_empw_oplst"
"1"," partic_decision_empw_dechh"
"1","
[1,]"
"1","                          1"
"1","                        0"
"1","                          1"
"1","
[2,]"
"1","                          1"
"1","                        0"
"1","                          0"
"1","
"
"1","    "
"1"," prim_decision_empw_dechh"
"1"," partic_decision_empw_decmp"
"1"," prim_decision_empw_decmp"
"1","
[1,]"
"1","                        0"
"1","                          1"
"1","                        0"
"1","
[2,]"
"1","                        0"
"1","                          0"
"1","                        0"
"1","
"
"1","    "
"1"," partic_decision_empw_decmon"
"1"," prim_decision_empw_decmon"
"1"," partic_decision_empw_dechlth"
"1","
[1,]"
"1","                           1"
"1","                         0"
"1","                            1"
"1","
[2,]"
"1","                           0"
"1","                         0"
"1","                            1"
"1","
"
"1","    "
"1"," prim_decision_empw_dechlth"
"1"," partic_decision_empw_decfam"
"1"," prim_decision_empw_decfam"
"1"," FIES"
"1","
[1,]"
"1","                          0"
"1","                           1"
"1","                         0"
"1","    8"
"1","
[2,]"
"1","                          0"
"1","                           1"
"1","                         0"
"1","    8"
"1","
"
"1","    "
"1"," dummy_nfa_totincome_wspil3"
"1"," dummy_nfa_totincome_wspil2"
"1"," dummy_nfa_totincome_wtargt"
"1","
[1,]"
"1","                          0"
"1","                          0"
"1","                          0"
"1","
[2,]"
"1","                          0"
"1","                          0"
"1","                          0"
"1","
"
"1","    "
"1"," dummy_nfa_totincome_wdescr"
"1"," dummy_cs_trsreceivedvalue_wspil3"
"1","
[1,]"
"1","                          0"
"1","                                0"
"1","
[2,]"
"1","                          0"
"1","                                0"
"1","
"
"1","    "
"1"," dummy_cs_trsreceivedvalue_wspil2"
"1"," dummy_cs_trsreceivedvalue_wtargt"
"1","
[1,]"
"1","                                0"
"1","                                0"
"1","
[2,]"
"1","                                0"
"1","                                0"
"1","
"
"1","    "
"1"," dummy_cs_trsreceivedvalue_wdescr"
"1"," dummy_labour_nmtotalyear_wspil3"
"1","
[1,]"
"1","                                0"
"1","                               0"
"1","
[2,]"
"1","                                0"
"1","                               0"
"1","
"
"1","    "
"1"," dummy_labour_nmtotalyear_wspil2"
"1"," dummy_labour_nmtotalyear_wtargt"
"1","
[1,]"
"1","                               0"
"1","                               0"
"1","
[2,]"
"1","                               0"
"1","                               0"
"1","
"
"1","    "
"1"," dummy_labour_nmtotalyear_wdescr"
"1"," dummy_livestock_salevalue_wspil3"
"1","
[1,]"
"1","                               0"
"1","                                0"
"1","
[2,]"
"1","                               0"
"1","                                0"
"1","
"
"1","    "
"1"," dummy_livestock_salevalue_wspil2"
"1"," dummy_livestock_salevalue_wtargt"
"1","
[1,]"
"1","                                0"
"1","                                0"
"1","
[2,]"
"1","                                0"
"1","                                0"
"1","
"
"1","    "
"1"," dummy_livestock_salevalue_wdescr"
"1"," dummy_children_6to13"
"1"," dummy_children_14to19"
"1"," dummy_children"
"1","
[1,]"
"1","                                0"
"1","                    0"
"1","                     0"
"1","              0"
"1","
[2,]"
"1","                                0"
"1","                    1"
"1","                     0"
"1","              1"
"1","
"
"1","    "
"1"," dummy_infant"
"1"," constructed_hh_composition"
"1"," dummy_PW_adult"
"1"," dummy_disable"
"1"," dummy_pregnant"
"1","
[1,]"
"1","            0"
"1","                          3"
"1","              1"
"1","             0"
"1","              0"
"1","
[2,]"
"1","            0"
"1","                          1"
"1","              0"
"1","             0"
"1","              0"
"1","
"
"1","    "
"1"," dummy_current_teenpregn"
"1"," dummy_pregn_nineteen"
"1"," dummy_eligible_PW"
"1"," dummy_eversick"
"1","
[1,]"
"1","                       0"
"1","                    0"
"1","                 1"
"1","              0"
"1","
[2,]"
"1","                       0"
"1","                    1"
"1","                 0"
"1","              1"
"1","
"
"1","    "
"1"," dummy_healthvisit"
"1"," dummy_healthinsur"
"1"," dummy_infant_care"
"1"," exp_utilities_month_raw"
"1","
[1,]"
"1","                 0"
"1","                 0"
"1","                 0"
"1","                       0"
"1","
[2,]"
"1","                 0"
"1","                 0"
"1","                 0"
"1","                     200"
"1","
"
"1","    "
"1"," exp_utilities_year_raw"
"1"," exp_hhexpenses_month_raw"
"1"," exp_hhexpenses_year_raw"
"1","
[1,]"
"1","                      0"
"1","                     2000"
"1","                   24000"
"1","
[2,]"
"1","                   2400"
"1","                        0"
"1","                       0"
"1","
"
"1","    "
"1"," exp_communic_month_raw"
"1"," exp_communic_year_raw"
"1"," exp_transport_month_raw"
"1","
[1,]"
"1","                      0"
"1","                     0"
"1","                       0"
"1","
[2,]"
"1","                      0"
"1","                     0"
"1","                       0"
"1","
"
"1","    "
"1"," exp_transport_year_raw"
"1"," exp_other_month_raw"
"1"," exp_other_year_raw"
"1"," exp_utilities_month_wdescr"
"1","
[1,]"
"1","                      0"
"1","               434.5"
"1","               5214"
"1","                          0"
"1","
[2,]"
"1","                      0"
"1","               434.5"
"1","               5214"
"1","                        200"
"1","
"
"1","    "
"1"," exp_utilities_year_wdescr"
"1"," exp_hhexpenses_month_wdescr"
"1"," exp_hhexpenses_year_wdescr"
"1","
[1,]"
"1","                         0"
"1","                        2000"
"1","                      24000"
"1","
[2,]"
"1","                      2400"
"1","                           0"
"1","                          0"
"1","
"
"1","    "
"1"," exp_communic_month_wdescr"
"1"," exp_communic_year_wdescr"
"1"," exp_transport_month_wdescr"
"1","
[1,]"
"1","                         0"
"1","                        0"
"1","                          0"
"1","
[2,]"
"1","                         0"
"1","                        0"
"1","                          0"
"1","
"
"1","    "
"1"," exp_transport_year_wdescr"
"1"," exp_other_month_wdescr"
"1"," exp_other_year_wdescr"
"1","
[1,]"
"1","                         0"
"1","                  434.5"
"1","                  5214"
"1","
[2,]"
"1","                         0"
"1","                  434.5"
"1","                  5214"
"1","
"
"1","    "
"1"," exp_utilities_month_wtargt"
"1"," exp_utilities_year_wtargt"
"1"," exp_hhexpenses_month_wtargt"
"1","
[1,]"
"1","                          0"
"1","                         0"
"1","                        2000"
"1","
[2,]"
"1","                        200"
"1","                      2400"
"1","                           0"
"1","
"
"1","    "
"1"," exp_hhexpenses_year_wtargt"
"1"," exp_communic_month_wtargt"
"1"," exp_communic_year_wtargt"
"1","
[1,]"
"1","                      24000"
"1","                         0"
"1","                        0"
"1","
[2,]"
"1","                          0"
"1","                         0"
"1","                        0"
"1","
"
"1","    "
"1"," exp_transport_month_wtargt"
"1"," exp_transport_year_wtargt"
"1"," exp_other_month_wtargt"
"1","
[1,]"
"1","                          0"
"1","                         0"
"1","                  434.5"
"1","
[2,]"
"1","                          0"
"1","                         0"
"1","                  434.5"
"1","
"
"1","    "
"1"," exp_other_year_wtargt"
"1"," exp_utilities_month_wspil2"
"1"," exp_utilities_year_wspil2"
"1","
[1,]"
"1","                  5214"
"1","                          0"
"1","                         0"
"1","
[2,]"
"1","                  5214"
"1","                        200"
"1","                      2400"
"1","
"
"1","    "
"1"," exp_hhexpenses_month_wspil2"
"1"," exp_hhexpenses_year_wspil2"
"1"," exp_communic_month_wspil2"
"1","
[1,]"
"1","                        2000"
"1","                      24000"
"1","                         0"
"1","
[2,]"
"1","                           0"
"1","                          0"
"1","                         0"
"1","
"
"1","    "
"1"," exp_communic_year_wspil2"
"1"," exp_transport_month_wspil2"
"1"," exp_transport_year_wspil2"
"1","
[1,]"
"1","                        0"
"1","                          0"
"1","                         0"
"1","
[2,]"
"1","                        0"
"1","                          0"
"1","                         0"
"1","
"
"1","    "
"1"," exp_other_month_wspil2"
"1"," exp_other_year_wspil2"
"1"," exp_utilities_month_wspil3"
"1","
[1,]"
"1","                  434.5"
"1","                  5214"
"1","                          0"
"1","
[2,]"
"1","                  434.5"
"1","                  5214"
"1","                        200"
"1","
"
"1","    "
"1"," exp_utilities_year_wspil3"
"1"," exp_hhexpenses_month_wspil3"
"1"," exp_hhexpenses_year_wspil3"
"1","
[1,]"
"1","                         0"
"1","                        2000"
"1","                      24000"
"1","
[2,]"
"1","                      2400"
"1","                           0"
"1","                          0"
"1","
"
"1","    "
"1"," exp_communic_month_wspil3"
"1"," exp_communic_year_wspil3"
"1"," exp_transport_month_wspil3"
"1","
[1,]"
"1","                         0"
"1","                        0"
"1","                          0"
"1","
[2,]"
"1","                         0"
"1","                        0"
"1","                          0"
"1","
"
"1","    "
"1"," exp_transport_year_wspil3"
"1"," exp_other_month_wspil3"
"1"," exp_other_year_wspil3"
"1"," exp_nfa_year_raw"
"1","
[1,]"
"1","                         0"
"1","                  434.5"
"1","                  5214"
"1","                0"
"1","
[2,]"
"1","                         0"
"1","                  434.5"
"1","                  5214"
"1","                0"
"1","
"
"1","    "
"1"," exp_nfa_year_wdescr"
"1"," exp_nfa_year_wtargt"
"1"," exp_nfa_year_wspil2"
"1"," exp_nfa_year_wspil3"
"1","
[1,]"
"1","                   0"
"1","                   0"
"1","                   0"
"1","                   0"
"1","
[2,]"
"1","                   0"
"1","                   0"
"1","                   0"
"1","                   0"
"1","
"
"1","    "
"1"," exp_farm_year_raw"
"1"," exp_farm_year_wdescr"
"1"," exp_farm_year_wtargt"
"1"," exp_farm_year_wspil2"
"1","
[1,]"
"1","                 0"
"1","                    0"
"1","                    0"
"1","                    0"
"1","
[2,]"
"1","                 0"
"1","                    0"
"1","                    0"
"1","                    0"
"1","
"
"1","    "
"1"," exp_farm_year_wspil3"
"1"," farm_sales_value_raw"
"1"," farm_consumption_value_raw"
"1"," harvested_value_raw"
"1","
[1,]"
"1","                    0"
"1","                    0"
"1","                       9000"
"1","                9000"
"1","
[2,]"
"1","                    0"
"1","                    0"
"1","                          0"
"1","                   0"
"1","
"
"1","    "
"1"," farm_sales_qty_raw"
"1"," farm_consumption_qty_raw"
"1"," harvested_qty_raw"
"1"," dummy_harvested_qty_raw"
"1","
[1,]"
"1","                  0"
"1","                       15"
"1","                15"
"1","                       1"
"1","
[2,]"
"1","                  0"
"1","                        0"
"1","                 0"
"1","                       0"
"1","
"
"1","    "
"1"," dummy_farm_sales_value_wdescr"
"1"," farm_sales_value_wdescr"
"1"," farm_consumption_value_wdescr"
"1","
[1,]"
"1","                             0"
"1","                       0"
"1","                          9000"
"1","
[2,]"
"1","                             0"
"1","                       0"
"1","                             0"
"1","
"
"1","    "
"1"," harvested_value_wdescr"
"1"," farm_sales_qty_wdescr"
"1"," farm_consumption_qty_wdescr"
"1","
[1,]"
"1","                   9000"
"1","                     0"
"1","                          15"
"1","
[2,]"
"1","                      0"
"1","                     0"
"1","                           0"
"1","
"
"1","    "
"1"," harvested_qty_wdescr"
"1"," dummy_harvested_qty_wdescr"
"1"," dummy_farm_sales_value_wtargt"
"1","
[1,]"
"1","                   15"
"1","                          1"
"1","                             0"
"1","
[2,]"
"1","                    0"
"1","                          0"
"1","                             0"
"1","
"
"1","    "
"1"," farm_sales_value_wtargt"
"1"," farm_consumption_value_wtargt"
"1"," harvested_value_wtargt"
"1","
[1,]"
"1","                       0"
"1","                          9000"
"1","                   9000"
"1","
[2,]"
"1","                       0"
"1","                             0"
"1","                      0"
"1","
"
"1","    "
"1"," farm_sales_qty_wtargt"
"1"," farm_consumption_qty_wtargt"
"1"," harvested_qty_wtargt"
"1","
[1,]"
"1","                     0"
"1","                          15"
"1","                   15"
"1","
[2,]"
"1","                     0"
"1","                           0"
"1","                    0"
"1","
"
"1","    "
"1"," dummy_harvested_qty_wtargt"
"1"," dummy_farm_sales_value_wspil2"
"1"," farm_sales_value_wspil2"
"1","
[1,]"
"1","                          1"
"1","                             0"
"1","                       0"
"1","
[2,]"
"1","                          0"
"1","                             0"
"1","                       0"
"1","
"
"1","    "
"1"," farm_consumption_value_wspil2"
"1"," harvested_value_wspil2"
"1"," farm_sales_qty_wspil2"
"1","
[1,]"
"1","                          9000"
"1","                   9000"
"1","                     0"
"1","
[2,]"
"1","                             0"
"1","                      0"
"1","                     0"
"1","
"
"1","    "
"1"," farm_consumption_qty_wspil2"
"1"," harvested_qty_wspil2"
"1"," dummy_harvested_qty_wspil2"
"1","
[1,]"
"1","                          15"
"1","                   15"
"1","                          1"
"1","
[2,]"
"1","                           0"
"1","                    0"
"1","                          0"
"1","
"
"1","    "
"1"," dummy_farm_sales_value_wspil3"
"1"," farm_sales_value_wspil3"
"1"," farm_consumption_value_wspil3"
"1","
[1,]"
"1","                             0"
"1","                       0"
"1","                          9000"
"1","
[2,]"
"1","                             0"
"1","                       0"
"1","                             0"
"1","
"
"1","    "
"1"," harvested_value_wspil3"
"1"," farm_sales_qty_wspil3"
"1"," farm_consumption_qty_wspil3"
"1","
[1,]"
"1","                   9000"
"1","                     0"
"1","                          15"
"1","
[2,]"
"1","                      0"
"1","                     0"
"1","                           0"
"1","
"
"1","    "
"1"," harvested_qty_wspil3"
"1"," dummy_harvested_qty_wspil3"
"1"," livestock_earnings_raw"
"1","
[1,]"
"1","                   15"
"1","                          1"
"1","                      0"
"1","
[2,]"
"1","                    0"
"1","                          0"
"1","                      0"
"1","
"
"1","    "
"1"," dummy_livestock_earnings_wdescr"
"1"," livestock_earnings_wdescr"
"1"," dummy_livestock_earnings_wtargt"
"1","
[1,]"
"1","                               0"
"1","                         0"
"1","                               0"
"1","
[2,]"
"1","                               0"
"1","                         0"
"1","                               0"
"1","
"
"1","    "
"1"," livestock_earnings_wtargt"
"1"," dummy_livestock_earnings_wspil2"
"1"," livestock_earnings_wspil2"
"1","
[1,]"
"1","                         0"
"1","                               0"
"1","                         0"
"1","
[2,]"
"1","                         0"
"1","                               0"
"1","                         0"
"1","
"
"1","    "
"1"," dummy_livestock_earnings_wspil3"
"1"," livestock_earnings_wspil3"
"1"," total_expn_nonfood_raw"
"1","
[1,]"
"1","                               0"
"1","                         0"
"1","                  29214"
"1","
[2,]"
"1","                               0"
"1","                         0"
"1","                  10614"
"1","
"
"1","    "
"1"," total_expn_nonfood_wdescr"
"1"," total_expn_nonfood_wtargt"
"1"," total_expn_nonfood_wspil2"
"1","
[1,]"
"1","                     29214"
"1","                     29214"
"1","                     29214"
"1","
[2,]"
"1","                     10614"
"1","                     10614"
"1","                     10614"
"1","
"
"1","    "
"1"," total_expn_nonfood_wspil3"
"1"," total_cons_year_raw"
"1"," total_expn_year_raw"
"1"," total_cons_year_wdescr"
"1","
[1,]"
"1","                     29214"
"1","            918250.4"
"1","            42249.73"
"1","               918250.4"
"1","
[2,]"
"1","                     10614"
"1","            392002.1"
"1","            21042.58"
"1","               392002.1"
"1","
"
"1","    "
"1"," total_expn_year_wdescr"
"1"," total_cons_year_wtargt"
"1"," total_expn_year_wtargt"
"1","
[1,]"
"1","               42249.73"
"1","               918250.4"
"1","               42249.73"
"1","
[2,]"
"1","               21042.58"
"1","               392002.1"
"1","               21042.58"
"1","
"
"1","    "
"1"," total_cons_year_wspil2"
"1"," total_expn_year_wspil2"
"1"," total_cons_year_wspil3"
"1","
[1,]"
"1","               918250.4"
"1","               42249.73"
"1","               918250.4"
"1","
[2,]"
"1","               392002.1"
"1","               21042.58"
"1","               392002.1"
"1","
"
"1","    "
"1"," total_expn_year_wspil3"
"1"," total_expn_month_raw"
"1"," total_expn_day_raw"
"1"," total_cons_month_raw"
"1","
[1,]"
"1","               42249.73"
"1","             3520.811"
"1","          115.75268"
"1","             76520.87"
"1","
[2,]"
"1","               21042.58"
"1","             1753.548"
"1","           57.65091"
"1","             32666.84"
"1","
"
"1","    "
"1"," total_cons_day_raw"
"1"," total_expn_month_wdescr"
"1"," total_expn_day_wdescr"
"1"," total_cons_month_wdescr"
"1","
[1,]"
"1","           2515.755"
"1","                3520.811"
"1","             115.75268"
"1","                76520.87"
"1","
[2,]"
"1","           1073.978"
"1","                1753.548"
"1","              57.65091"
"1","                32666.84"
"1","
"
"1","    "
"1"," total_cons_day_wdescr"
"1"," total_expn_month_wtargt"
"1"," total_expn_day_wtargt"
"1","
[1,]"
"1","              2515.755"
"1","                3520.811"
"1","             115.75268"
"1","
[2,]"
"1","              1073.978"
"1","                1753.548"
"1","              57.65091"
"1","
"
"1","    "
"1"," total_cons_month_wtargt"
"1"," total_cons_day_wtargt"
"1"," total_expn_month_wspil2"
"1","
[1,]"
"1","                76520.87"
"1","              2515.755"
"1","                3520.811"
"1","
[2,]"
"1","                32666.84"
"1","              1073.978"
"1","                1753.548"
"1","
"
"1","    "
"1"," total_expn_day_wspil2"
"1"," total_cons_month_wspil2"
"1"," total_cons_day_wspil2"
"1","
[1,]"
"1","             115.75268"
"1","                76520.87"
"1","              2515.755"
"1","
[2,]"
"1","              57.65091"
"1","                32666.84"
"1","              1073.978"
"1","
"
"1","    "
"1"," total_expn_month_wspil3"
"1"," total_expn_day_wspil3"
"1"," total_cons_month_wspil3"
"1","
[1,]"
"1","                3520.811"
"1","             115.75268"
"1","                76520.87"
"1","
[2,]"
"1","                1753.548"
"1","              57.65091"
"1","                32666.84"
"1","
"
"1","    "
"1"," total_cons_day_wspil3"
"1"," total_expn_nonfood_month_raw"
"1"," total_expn_nonfood_day_raw"
"1","
[1,]"
"1","              2515.755"
"1","                       2434.5"
"1","                   80.03835"
"1","
[2,]"
"1","              1073.978"
"1","                        884.5"
"1","                   29.07945"
"1","
"
"1","    "
"1"," total_expn_nonfood_month_wdescr"
"1"," total_expn_nonfood_day_wdescr"
"1","
[1,]"
"1","                          2434.5"
"1","                      80.03835"
"1","
[2,]"
"1","                           884.5"
"1","                      29.07945"
"1","
"
"1","    "
"1"," total_expn_nonfood_month_wtargt"
"1"," total_expn_nonfood_day_wtargt"
"1","
[1,]"
"1","                          2434.5"
"1","                      80.03835"
"1","
[2,]"
"1","                           884.5"
"1","                      29.07945"
"1","
"
"1","    "
"1"," total_expn_nonfood_month_wspil2"
"1"," total_expn_nonfood_day_wspil2"
"1","
[1,]"
"1","                          2434.5"
"1","                      80.03835"
"1","
[2,]"
"1","                           884.5"
"1","                      29.07945"
"1","
"
"1","    "
"1"," total_expn_nonfood_month_wspil3"
"1"," total_expn_nonfood_day_wspil3"
"1"," income_raw"
"1"," income_wdescr"
"1","
[1,]"
"1","                          2434.5"
"1","                      80.03835"
"1","      9e+03"
"1","          9000"
"1","
[2,]"
"1","                           884.5"
"1","                      29.07945"
"1","      0e+00"
"1","             0"
"1","
"
"1","    "
"1"," income_wtargt"
"1"," income_wspil2"
"1"," income_wspil3"
"1"," notpoor_natpov_expn_raw"
"1"," notpoor_natpov_cons_raw"
"1","
[1,]"
"1","          9000"
"1","          9000"
"1","          9000"
"1","                       0"
"1","                       0"
"1","
[2,]"
"1","             0"
"1","             0"
"1","             0"
"1","                       0"
"1","                       0"
"1","
"
"1","    "
"1"," notpoor_natpov_expn_wdescr"
"1"," notpoor_natpov_cons_wdescr"
"1"," notpoor_natpov_expn_wtargt"
"1","
[1,]"
"1","                          0"
"1","                          0"
"1","                          0"
"1","
[2,]"
"1","                          0"
"1","                          0"
"1","                          0"
"1","
"
"1","    "
"1"," notpoor_natpov_cons_wtargt"
"1"," notpoor_natpov_expn_wspil2"
"1"," notpoor_natpov_cons_wspil2"
"1","
[1,]"
"1","                          0"
"1","                          0"
"1","                          0"
"1","
[2,]"
"1","                          0"
"1","                          0"
"1","                          0"
"1","
"
"1","    "
"1"," notpoor_natpov_expn_wspil3"
"1"," notpoor_natpov_cons_wspil3"
"1"," PW_no_adult"
"1","
[1,]"
"1","                          0"
"1","                          0"
"1","           0"
"1","
[2,]"
"1","                          0"
"1","                          0"
"1","           1"
"1","
"
"1","    "
"1"," pssn_childsecondary_value"
"1"," pssn_monthly_transfer"
"1"," tot_hh"
"1"," perc_type1"
"1"," perc_type2"
"1"," perc_type3"
"1","
[1,]"
"1","                         0"
"1","                 12000"
"1","     74"
"1"," 0.28378379"
"1"," 0.00000000"
"1","  0.7162162"
"1","
[2,]"
"1","                         0"
"1","                 20000"
"1","    185"
"1"," 0.12432432"
"1"," 0.01081081"
"1","  0.8648649"
"1","
"
"1"," [ reached getOption(""max.print"") -- omitted 1 row ]
"
"1","Clustering vector:
"
"1","  [1]"
"1"," 1"
"1"," 2"
"1"," 1"
"1"," 2"
"1"," 3"
"1"," 1"
"1"," 2"
"1"," 2"
"1"," 2"
"1"," 2"
"1"," 2"
"1"," 2"
"1"," 2"
"1"," 3"
"1"," 2"
"1"," 2"
"1"," 3"
"1"," 2"
"1"," 1"
"1"," 2"
"1"," 2"
"1"," 1"
"1"," 2"
"1"," 3"
"1"," 1"
"1"," 1"
"1"," 1"
"1"," 3"
"1"," 1"
"1"," 1"
"1"," 1"
"1"," 2"
"1"," 1"
"1"," 1"
"1"," 2"
"1"," 2"
"1"," 2"
"1"," 2"
"1"," 2"
"1"," 2"
"1"," 1"
"1"," 2"
"1"," 1"
"1"," 2"
"1"," 2"
"1","
"
"1"," [46]"
"1"," 1"
"1"," 2"
"1"," 2"
"1"," 3"
"1"," 2"
"1"," 2"
"1"," 1"
"1"," 1"
"1"," 2"
"1"," 1"
"1"," 1"
"1"," 2"
"1"," 2"
"1"," 3"
"1"," 3"
"1"," 2"
"1"," 1"
"1"," 2"
"1"," 3"
"1"," 2"
"1"," 2"
"1"," 2"
"1"," 2"
"1"," 2"
"1"," 2"
"1"," 2"
"1"," 2"
"1"," 1"
"1"," 2"
"1"," 2"
"1"," 3"
"1"," 1"
"1"," 1"
"1"," 1"
"1"," 1"
"1"," 3"
"1"," 2"
"1"," 2"
"1"," 2"
"1"," 2"
"1"," 1"
"1"," 2"
"1"," 2"
"1"," 1"
"1"," 1"
"1","
"
"1"," [91]"
"1"," 2"
"1"," 2"
"1"," 3"
"1"," 1"
"1"," 2"
"1"," 2"
"1"," 2"
"1"," 1"
"1"," 2"
"1"," 3"
"1"," 2"
"1"," 2"
"1"," 1"
"1"," 2"
"1"," 2"
"1"," 1"
"1"," 2"
"1"," 2"
"1"," 3"
"1"," 2"
"1"," 3"
"1"," 3"
"1"," 2"
"1"," 2"
"1"," 1"
"1"," 2"
"1"," 2"
"1"," 2"
"1"," 2"
"1"," 2"
"1"," 1"
"1"," 3"
"1"," 3"
"1"," 2"
"1"," 3"
"1"," 2"
"1"," 2"
"1"," 2"
"1"," 2"
"1"," 2"
"1"," 2"
"1"," 3"
"1"," 2"
"1"," 2"
"1"," 2"
"1","
"
"1","[136]"
"1"," 3"
"1"," 2"
"1"," 1"
"1","
"
"1","Objective function:
"
"1","    build "
"1","     swap "
"1","
"
"1","233447309 "
"1","212422056 "
"1","
"
"1","
Available components:
"
"1"," [1]"
"1"," ""medoids""   "
"1"," ""id.med""    "
"1"," ""clustering"""
"1"," ""objective"" "
"1"," ""isolation"" "
"1"," ""clusinfo""  "
"1"," ""silinfo""   "
"1","
"
"1"," [8]"
"1"," ""diss""      "
"1"," ""call""      "
"1"," ""data""      "
"1","
"
